<?xml version="1.0" encoding="UTF-8"?>
<spirit:component xmlns:xilinx="http://www.xilinx.com" xmlns:spirit="http://www.spiritconsortium.org/XMLSchema/SPIRIT/1685-2009" xmlns:xsi="http://www.w3.org/2001/XMLSchema-instance">
  <spirit:vendor>xilinx.com</spirit:vendor>
  <spirit:library>hls</spirit:library>
  <spirit:name>lstm_n5_16s_16b</spirit:name>
  <spirit:version>1.0</spirit:version>
  <spirit:busInterfaces>
    <spirit:busInterface>
      <spirit:name>ap_clk</spirit:name>
      <spirit:busType spirit:vendor="xilinx.com" spirit:library="signal" spirit:name="clock" spirit:version="1.0"/>
      <spirit:abstractionType spirit:vendor="xilinx.com" spirit:library="signal" spirit:name="clock_rtl" spirit:version="1.0"/>
      <spirit:slave/>
      <spirit:portMaps>
        <spirit:portMap>
          <spirit:logicalPort>
            <spirit:name>CLK</spirit:name>
          </spirit:logicalPort>
          <spirit:physicalPort>
            <spirit:name>ap_clk</spirit:name>
          </spirit:physicalPort>
        </spirit:portMap>
      </spirit:portMaps>
      <spirit:parameters>
        <spirit:parameter>
          <spirit:name>ASSOCIATED_RESET</spirit:name>
          <spirit:value spirit:id="BUSIFPARAM_VALUE.AP_CLK.ASSOCIATED_RESET">ap_rst</spirit:value>
        </spirit:parameter>
        <spirit:parameter>
          <spirit:name>LAYERED_METADATA</spirit:name>
          <spirit:value spirit:resolve="generated" spirit:id="BUSIFPARAM_VALUE.AP_CLK.LAYERED_METADATA">xilinx.com:interface:datatypes:1.0 {CLK {datatype {name {attribs {resolve_type immediate dependency {} format string minimum {} maximum {}} value {}} bitwidth {attribs {resolve_type immediate dependency {} format long minimum {} maximum {}} value 1} bitoffset {attribs {resolve_type immediate dependency {} format long minimum {} maximum {}} value 0}}}}</spirit:value>
        </spirit:parameter>
      </spirit:parameters>
    </spirit:busInterface>
    <spirit:busInterface>
      <spirit:name>ap_rst</spirit:name>
      <spirit:busType spirit:vendor="xilinx.com" spirit:library="signal" spirit:name="reset" spirit:version="1.0"/>
      <spirit:abstractionType spirit:vendor="xilinx.com" spirit:library="signal" spirit:name="reset_rtl" spirit:version="1.0"/>
      <spirit:slave/>
      <spirit:portMaps>
        <spirit:portMap>
          <spirit:logicalPort>
            <spirit:name>RST</spirit:name>
          </spirit:logicalPort>
          <spirit:physicalPort>
            <spirit:name>ap_rst</spirit:name>
          </spirit:physicalPort>
        </spirit:portMap>
      </spirit:portMaps>
      <spirit:parameters>
        <spirit:parameter>
          <spirit:name>POLARITY</spirit:name>
          <spirit:value spirit:id="BUSIFPARAM_VALUE.AP_RST.POLARITY">ACTIVE_HIGH</spirit:value>
        </spirit:parameter>
        <spirit:parameter>
          <spirit:name>LAYERED_METADATA</spirit:name>
          <spirit:value spirit:resolve="generated" spirit:id="BUSIFPARAM_VALUE.AP_RST.LAYERED_METADATA">xilinx.com:interface:datatypes:1.0 {RST {datatype {name {attribs {resolve_type immediate dependency {} format string minimum {} maximum {}} value {}} bitwidth {attribs {resolve_type immediate dependency {} format long minimum {} maximum {}} value 1} bitoffset {attribs {resolve_type immediate dependency {} format long minimum {} maximum {}} value 0}}}}</spirit:value>
        </spirit:parameter>
      </spirit:parameters>
    </spirit:busInterface>
    <spirit:busInterface>
      <spirit:name>ap_ctrl</spirit:name>
      <spirit:busType spirit:vendor="xilinx.com" spirit:library="interface" spirit:name="acc_handshake" spirit:version="1.0"/>
      <spirit:abstractionType spirit:vendor="xilinx.com" spirit:library="interface" spirit:name="acc_handshake_rtl" spirit:version="1.0"/>
      <spirit:slave/>
      <spirit:portMaps>
        <spirit:portMap>
          <spirit:logicalPort>
            <spirit:name>start</spirit:name>
          </spirit:logicalPort>
          <spirit:physicalPort>
            <spirit:name>ap_start</spirit:name>
          </spirit:physicalPort>
        </spirit:portMap>
        <spirit:portMap>
          <spirit:logicalPort>
            <spirit:name>done</spirit:name>
          </spirit:logicalPort>
          <spirit:physicalPort>
            <spirit:name>ap_done</spirit:name>
          </spirit:physicalPort>
        </spirit:portMap>
        <spirit:portMap>
          <spirit:logicalPort>
            <spirit:name>idle</spirit:name>
          </spirit:logicalPort>
          <spirit:physicalPort>
            <spirit:name>ap_idle</spirit:name>
          </spirit:physicalPort>
        </spirit:portMap>
        <spirit:portMap>
          <spirit:logicalPort>
            <spirit:name>ready</spirit:name>
          </spirit:logicalPort>
          <spirit:physicalPort>
            <spirit:name>ap_ready</spirit:name>
          </spirit:physicalPort>
        </spirit:portMap>
      </spirit:portMaps>
      <spirit:parameters>
        <spirit:parameter>
          <spirit:name>LAYERED_METADATA</spirit:name>
          <spirit:value spirit:resolve="generated" spirit:id="BUSIFPARAM_VALUE.AP_CTRL.LAYERED_METADATA">xilinx.com:interface:datatypes:1.0 {start {datatype {name {attribs {resolve_type immediate dependency {} format string minimum {} maximum {}} value {}} bitwidth {attribs {resolve_type immediate dependency {} format long minimum {} maximum {}} value 1} bitoffset {attribs {resolve_type immediate dependency {} format long minimum {} maximum {}} value 0}}} done {datatype {name {attribs {resolve_type immediate dependency {} format string minimum {} maximum {}} value {}} bitwidth {attribs {resolve_typ
e immediate dependency {} format long minimum {} maximum {}} value 1} bitoffset {attribs {resolve_type immediate dependency {} format long minimum {} maximum {}} value 0}}} idle {datatype {name {attribs {resolve_type immediate dependency {} format string minimum {} maximum {}} value {}} bitwidth {attribs {resolve_type immediate dependency {} format long minimum {} maximum {}} value 1} bitoffset {attribs {resolve_type immediate dependency {} format long minimum {} maximum {}} value 0}}} ready {da
tatype {name {attribs {resolve_type immediate dependency {} format string minimum {} maximum {}} value {}} bitwidth {attribs {resolve_type immediate dependency {} format long minimum {} maximum {}} value 1} bitoffset {attribs {resolve_type immediate dependency {} format long minimum {} maximum {}} value 0}}}}</spirit:value>
        </spirit:parameter>
      </spirit:parameters>
    </spirit:busInterface>
    <spirit:busInterface>
      <spirit:name>ch_ena</spirit:name>
      <spirit:busType spirit:vendor="xilinx.com" spirit:library="signal" spirit:name="data" spirit:version="1.0"/>
      <spirit:abstractionType spirit:vendor="xilinx.com" spirit:library="signal" spirit:name="data_rtl" spirit:version="1.0"/>
      <spirit:slave/>
      <spirit:portMaps>
        <spirit:portMap>
          <spirit:logicalPort>
            <spirit:name>DATA</spirit:name>
          </spirit:logicalPort>
          <spirit:physicalPort>
            <spirit:name>ch_ena</spirit:name>
          </spirit:physicalPort>
        </spirit:portMap>
      </spirit:portMaps>
      <spirit:parameters>
        <spirit:parameter>
          <spirit:name>LAYERED_METADATA</spirit:name>
          <spirit:value spirit:resolve="generated" spirit:id="BUSIFPARAM_VALUE.CH_ENA.LAYERED_METADATA">xilinx.com:interface:datatypes:1.0 {DATA {datatype {name {attribs {resolve_type immediate dependency {} format string minimum {} maximum {}} value {}} bitwidth {attribs {resolve_type immediate dependency {} format long minimum {} maximum {}} value 4} bitoffset {attribs {resolve_type immediate dependency {} format long minimum {} maximum {}} value 0} integer {signed {attribs {resolve_type immediate dependency {} format bool minimum {} maximum {}} value false}}}}}</spirit:value>
        </spirit:parameter>
      </spirit:parameters>
    </spirit:busInterface>
    <spirit:busInterface>
      <spirit:name>sampleinput</spirit:name>
      <spirit:busType spirit:vendor="xilinx.com" spirit:library="signal" spirit:name="data" spirit:version="1.0"/>
      <spirit:abstractionType spirit:vendor="xilinx.com" spirit:library="signal" spirit:name="data_rtl" spirit:version="1.0"/>
      <spirit:slave/>
      <spirit:portMaps>
        <spirit:portMap>
          <spirit:logicalPort>
            <spirit:name>DATA</spirit:name>
          </spirit:logicalPort>
          <spirit:physicalPort>
            <spirit:name>sampleinput</spirit:name>
          </spirit:physicalPort>
        </spirit:portMap>
      </spirit:portMaps>
      <spirit:parameters>
        <spirit:parameter>
          <spirit:name>LAYERED_METADATA</spirit:name>
          <spirit:value spirit:resolve="generated" spirit:id="BUSIFPARAM_VALUE.SAMPLEINPUT.LAYERED_METADATA">xilinx.com:interface:datatypes:1.0 {DATA {datatype {name {attribs {resolve_type immediate dependency {} format string minimum {} maximum {}} value {}} bitwidth {attribs {resolve_type immediate dependency {} format long minimum {} maximum {}} value 24} bitoffset {attribs {resolve_type immediate dependency {} format long minimum {} maximum {}} value 0} integer {signed {attribs {resolve_type immediate dependency {} format bool minimum {} maximum {}} value true}}}}}</spirit:value>
        </spirit:parameter>
      </spirit:parameters>
    </spirit:busInterface>
    <spirit:busInterface>
      <spirit:name>weight_PORTA</spirit:name>
      <spirit:busType spirit:vendor="xilinx.com" spirit:library="interface" spirit:name="bram" spirit:version="1.0"/>
      <spirit:abstractionType spirit:vendor="xilinx.com" spirit:library="interface" spirit:name="bram_rtl" spirit:version="1.0"/>
      <spirit:master/>
      <spirit:portMaps>
        <spirit:portMap>
          <spirit:logicalPort>
            <spirit:name>CLK</spirit:name>
          </spirit:logicalPort>
          <spirit:physicalPort>
            <spirit:name>weight_Clk_A</spirit:name>
          </spirit:physicalPort>
        </spirit:portMap>
        <spirit:portMap>
          <spirit:logicalPort>
            <spirit:name>RST</spirit:name>
          </spirit:logicalPort>
          <spirit:physicalPort>
            <spirit:name>weight_Rst_A</spirit:name>
          </spirit:physicalPort>
        </spirit:portMap>
        <spirit:portMap>
          <spirit:logicalPort>
            <spirit:name>EN</spirit:name>
          </spirit:logicalPort>
          <spirit:physicalPort>
            <spirit:name>weight_EN_A</spirit:name>
          </spirit:physicalPort>
        </spirit:portMap>
        <spirit:portMap>
          <spirit:logicalPort>
            <spirit:name>WE</spirit:name>
          </spirit:logicalPort>
          <spirit:physicalPort>
            <spirit:name>weight_WEN_A</spirit:name>
          </spirit:physicalPort>
        </spirit:portMap>
        <spirit:portMap>
          <spirit:logicalPort>
            <spirit:name>ADDR</spirit:name>
          </spirit:logicalPort>
          <spirit:physicalPort>
            <spirit:name>weight_Addr_A</spirit:name>
          </spirit:physicalPort>
        </spirit:portMap>
        <spirit:portMap>
          <spirit:logicalPort>
            <spirit:name>DIN</spirit:name>
          </spirit:logicalPort>
          <spirit:physicalPort>
            <spirit:name>weight_Din_A</spirit:name>
          </spirit:physicalPort>
        </spirit:portMap>
        <spirit:portMap>
          <spirit:logicalPort>
            <spirit:name>DOUT</spirit:name>
          </spirit:logicalPort>
          <spirit:physicalPort>
            <spirit:name>weight_Dout_A</spirit:name>
          </spirit:physicalPort>
        </spirit:portMap>
      </spirit:portMaps>
      <spirit:parameters>
        <spirit:parameter>
          <spirit:name>MEM_WIDTH</spirit:name>
          <spirit:value spirit:id="BUSIFPARAM_VALUE.WEIGHT_PORTA.MEM_WIDTH">32</spirit:value>
        </spirit:parameter>
        <spirit:parameter>
          <spirit:name>MEM_SIZE</spirit:name>
          <spirit:value spirit:id="BUSIFPARAM_VALUE.WEIGHT_PORTA.MEM_SIZE">1024</spirit:value>
        </spirit:parameter>
        <spirit:parameter>
          <spirit:name>MASTER_TYPE</spirit:name>
          <spirit:value spirit:id="BUSIFPARAM_VALUE.WEIGHT_PORTA.MASTER_TYPE">BRAM_CTRL</spirit:value>
        </spirit:parameter>
        <spirit:parameter>
          <spirit:name>LAYERED_METADATA</spirit:name>
          <spirit:value spirit:resolve="generated" spirit:id="BUSIFPARAM_VALUE.WEIGHT_PORTA.LAYERED_METADATA">xilinx.com:interface:datatypes:1.0 {EN {datatype {name {attribs {resolve_type immediate dependency {} format string minimum {} maximum {}} value {}} bitwidth {attribs {resolve_type immediate dependency {} format long minimum {} maximum {}} value 1} bitoffset {attribs {resolve_type immediate dependency {} format long minimum {} maximum {}} value 0}}} CLK {datatype {name {attribs {resolve_type immediate dependency {} format string minimum {} maximum {}} value {}} bitwidth {attribs {resolve_type im
mediate dependency {} format long minimum {} maximum {}} value 1} bitoffset {attribs {resolve_type immediate dependency {} format long minimum {} maximum {}} value 0}}} RST {datatype {name {attribs {resolve_type immediate dependency {} format string minimum {} maximum {}} value {}} bitwidth {attribs {resolve_type immediate dependency {} format long minimum {} maximum {}} value 1} bitoffset {attribs {resolve_type immediate dependency {} format long minimum {} maximum {}} value 0}}} ADDR {datatype
 {name {attribs {resolve_type immediate dependency {} format string minimum {} maximum {}} value {}} bitwidth {attribs {resolve_type immediate dependency {} format long minimum {} maximum {}} value 32} bitoffset {attribs {resolve_type immediate dependency {} format long minimum {} maximum {}} value 0} integer {signed {attribs {resolve_type immediate dependency {} format bool minimum {} maximum {}} value false}}}} WE {datatype {name {attribs {resolve_type immediate dependency {} format string min
imum {} maximum {}} value {}} bitwidth {attribs {resolve_type immediate dependency {} format long minimum {} maximum {}} value 4} bitoffset {attribs {resolve_type immediate dependency {} format long minimum {} maximum {}} value 0} integer {signed {attribs {resolve_type immediate dependency {} format bool minimum {} maximum {}} value false}}}} DIN {datatype {name {attribs {resolve_type immediate dependency {} format string minimum {} maximum {}} value {}} bitwidth {attribs {resolve_type immediate
 dependency {} format long minimum {} maximum {}} value 32} bitoffset {attribs {resolve_type immediate dependency {} format long minimum {} maximum {}} value 0} integer {signed {attribs {resolve_type immediate dependency {} format bool minimum {} maximum {}} value true}}}} DOUT {datatype {name {attribs {resolve_type immediate dependency {} format string minimum {} maximum {}} value {}} bitwidth {attribs {resolve_type immediate dependency {} format long minimum {} maximum {}} value 32} bitoffset 
{attribs {resolve_type immediate dependency {} format long minimum {} maximum {}} value 0} integer {signed {attribs {resolve_type immediate dependency {} format bool minimum {} maximum {}} value true}}}}}</spirit:value>
        </spirit:parameter>
      </spirit:parameters>
    </spirit:busInterface>
    <spirit:busInterface>
      <spirit:name>lstm_out</spirit:name>
      <spirit:busType spirit:vendor="xilinx.com" spirit:library="signal" spirit:name="data" spirit:version="1.0"/>
      <spirit:abstractionType spirit:vendor="xilinx.com" spirit:library="signal" spirit:name="data_rtl" spirit:version="1.0"/>
      <spirit:master/>
      <spirit:portMaps>
        <spirit:portMap>
          <spirit:logicalPort>
            <spirit:name>DATA</spirit:name>
          </spirit:logicalPort>
          <spirit:physicalPort>
            <spirit:name>lstm_out</spirit:name>
          </spirit:physicalPort>
        </spirit:portMap>
      </spirit:portMaps>
      <spirit:parameters>
        <spirit:parameter>
          <spirit:name>LAYERED_METADATA</spirit:name>
          <spirit:value spirit:resolve="generated" spirit:id="BUSIFPARAM_VALUE.LSTM_OUT.LAYERED_METADATA">xilinx.com:interface:datatypes:1.0 {DATA {datatype {name {attribs {resolve_type immediate dependency {} format string minimum {} maximum {}} value {}} bitwidth {attribs {resolve_type immediate dependency {} format long minimum {} maximum {}} value 16} bitoffset {attribs {resolve_type immediate dependency {} format long minimum {} maximum {}} value 0} integer {signed {attribs {resolve_type immediate dependency {} format bool minimum {} maximum {}} value true}}}}}</spirit:value>
        </spirit:parameter>
      </spirit:parameters>
    </spirit:busInterface>
  </spirit:busInterfaces>
  <spirit:model>
    <spirit:views>
      <spirit:view>
        <spirit:name>xilinx_verilogsynthesis</spirit:name>
        <spirit:displayName>Verilog Synthesis</spirit:displayName>
        <spirit:envIdentifier>verilogSource:vivado.xilinx.com:synthesis</spirit:envIdentifier>
        <spirit:language>verilog</spirit:language>
        <spirit:modelName>lstm_n5_16s_16b</spirit:modelName>
        <spirit:fileSetRef>
          <spirit:localName>xilinx_verilogsynthesis_view_fileset</spirit:localName>
        </spirit:fileSetRef>
      </spirit:view>
      <spirit:view>
        <spirit:name>xilinx_verilogbehavioralsimulation</spirit:name>
        <spirit:displayName>Verilog Simulation</spirit:displayName>
        <spirit:envIdentifier>verilogSource:vivado.xilinx.com:simulation</spirit:envIdentifier>
        <spirit:language>verilog</spirit:language>
        <spirit:modelName>lstm_n5_16s_16b</spirit:modelName>
        <spirit:fileSetRef>
          <spirit:localName>xilinx_verilogbehavioralsimulation_view_fileset</spirit:localName>
        </spirit:fileSetRef>
      </spirit:view>
      <spirit:view>
        <spirit:name>xilinx_vhdlsynthesis</spirit:name>
        <spirit:displayName>VHDL Synthesis</spirit:displayName>
        <spirit:envIdentifier>vhdlSource:vivado.xilinx.com:synthesis</spirit:envIdentifier>
        <spirit:language>vhdl</spirit:language>
        <spirit:modelName>lstm_n5_16s_16b</spirit:modelName>
        <spirit:fileSetRef>
          <spirit:localName>xilinx_vhdlsynthesis_view_fileset</spirit:localName>
        </spirit:fileSetRef>
      </spirit:view>
      <spirit:view>
        <spirit:name>xilinx_vhdlbehavioralsimulation</spirit:name>
        <spirit:displayName>VHDL Simulation</spirit:displayName>
        <spirit:envIdentifier>vhdlSource:vivado.xilinx.com:simulation</spirit:envIdentifier>
        <spirit:language>vhdl</spirit:language>
        <spirit:modelName>lstm_n5_16s_16b</spirit:modelName>
        <spirit:fileSetRef>
          <spirit:localName>xilinx_vhdlbehavioralsimulation_view_fileset</spirit:localName>
        </spirit:fileSetRef>
      </spirit:view>
      <spirit:view>
        <spirit:name>xilinx_documentation</spirit:name>
        <spirit:displayName>Documentation</spirit:displayName>
        <spirit:envIdentifier>:vivado.xilinx.com:docs.all</spirit:envIdentifier>
        <spirit:fileSetRef>
          <spirit:localName>xilinx_documentation_view_fileset</spirit:localName>
        </spirit:fileSetRef>
      </spirit:view>
      <spirit:view>
        <spirit:name>xilinx_miscfiles</spirit:name>
        <spirit:displayName>Miscellaneous</spirit:displayName>
        <spirit:envIdentifier>:vivado.xilinx.com:misc.files</spirit:envIdentifier>
        <spirit:fileSetRef>
          <spirit:localName>xilinx_miscfiles_view_fileset</spirit:localName>
        </spirit:fileSetRef>
      </spirit:view>
      <spirit:view>
        <spirit:name>xilinx_xpgui</spirit:name>
        <spirit:displayName>UI Layout</spirit:displayName>
        <spirit:envIdentifier>:vivado.xilinx.com:xgui.ui</spirit:envIdentifier>
        <spirit:fileSetRef>
          <spirit:localName>xilinx_xpgui_view_fileset</spirit:localName>
        </spirit:fileSetRef>
      </spirit:view>
      <spirit:view>
        <spirit:name>xilinx_utilityxitfiles</spirit:name>
        <spirit:displayName>Utility XIT/TTCL</spirit:displayName>
        <spirit:envIdentifier>:vivado.xilinx.com:xit.util</spirit:envIdentifier>
        <spirit:fileSetRef>
          <spirit:localName>xilinx_utilityxitfiles_view_fileset</spirit:localName>
        </spirit:fileSetRef>
      </spirit:view>
    </spirit:views>
    <spirit:ports>
      <spirit:port>
        <spirit:name>lstm_out_ap_vld</spirit:name>
        <spirit:wire>
          <spirit:direction>out</spirit:direction>
          <spirit:wireTypeDefs>
            <spirit:wireTypeDef>
              <spirit:typeName>STD_LOGIC</spirit:typeName>
              <spirit:viewNameRef>xilinx_verilogsynthesis</spirit:viewNameRef>
              <spirit:viewNameRef>xilinx_verilogbehavioralsimulation</spirit:viewNameRef>
            </spirit:wireTypeDef>
          </spirit:wireTypeDefs>
        </spirit:wire>
      </spirit:port>
      <spirit:port>
        <spirit:name>ap_clk</spirit:name>
        <spirit:wire>
          <spirit:direction>in</spirit:direction>
          <spirit:wireTypeDefs>
            <spirit:wireTypeDef>
              <spirit:typeName>std_logic</spirit:typeName>
              <spirit:viewNameRef>xilinx_verilogsynthesis</spirit:viewNameRef>
              <spirit:viewNameRef>xilinx_verilogbehavioralsimulation</spirit:viewNameRef>
            </spirit:wireTypeDef>
          </spirit:wireTypeDefs>
        </spirit:wire>
      </spirit:port>
      <spirit:port>
        <spirit:name>ap_rst</spirit:name>
        <spirit:wire>
          <spirit:direction>in</spirit:direction>
          <spirit:wireTypeDefs>
            <spirit:wireTypeDef>
              <spirit:typeName>std_logic</spirit:typeName>
              <spirit:viewNameRef>xilinx_verilogsynthesis</spirit:viewNameRef>
              <spirit:viewNameRef>xilinx_verilogbehavioralsimulation</spirit:viewNameRef>
            </spirit:wireTypeDef>
          </spirit:wireTypeDefs>
        </spirit:wire>
      </spirit:port>
      <spirit:port>
        <spirit:name>ap_start</spirit:name>
        <spirit:wire>
          <spirit:direction>in</spirit:direction>
          <spirit:wireTypeDefs>
            <spirit:wireTypeDef>
              <spirit:typeName>std_logic</spirit:typeName>
              <spirit:viewNameRef>xilinx_verilogsynthesis</spirit:viewNameRef>
              <spirit:viewNameRef>xilinx_verilogbehavioralsimulation</spirit:viewNameRef>
            </spirit:wireTypeDef>
          </spirit:wireTypeDefs>
        </spirit:wire>
      </spirit:port>
      <spirit:port>
        <spirit:name>ap_done</spirit:name>
        <spirit:wire>
          <spirit:direction>out</spirit:direction>
          <spirit:wireTypeDefs>
            <spirit:wireTypeDef>
              <spirit:typeName>std_logic</spirit:typeName>
              <spirit:viewNameRef>xilinx_verilogsynthesis</spirit:viewNameRef>
              <spirit:viewNameRef>xilinx_verilogbehavioralsimulation</spirit:viewNameRef>
            </spirit:wireTypeDef>
          </spirit:wireTypeDefs>
        </spirit:wire>
      </spirit:port>
      <spirit:port>
        <spirit:name>ap_idle</spirit:name>
        <spirit:wire>
          <spirit:direction>out</spirit:direction>
          <spirit:wireTypeDefs>
            <spirit:wireTypeDef>
              <spirit:typeName>std_logic</spirit:typeName>
              <spirit:viewNameRef>xilinx_verilogsynthesis</spirit:viewNameRef>
              <spirit:viewNameRef>xilinx_verilogbehavioralsimulation</spirit:viewNameRef>
            </spirit:wireTypeDef>
          </spirit:wireTypeDefs>
        </spirit:wire>
      </spirit:port>
      <spirit:port>
        <spirit:name>ap_ready</spirit:name>
        <spirit:wire>
          <spirit:direction>out</spirit:direction>
          <spirit:wireTypeDefs>
            <spirit:wireTypeDef>
              <spirit:typeName>std_logic</spirit:typeName>
              <spirit:viewNameRef>xilinx_verilogsynthesis</spirit:viewNameRef>
              <spirit:viewNameRef>xilinx_verilogbehavioralsimulation</spirit:viewNameRef>
            </spirit:wireTypeDef>
          </spirit:wireTypeDefs>
        </spirit:wire>
      </spirit:port>
      <spirit:port>
        <spirit:name>ch_ena</spirit:name>
        <spirit:wire>
          <spirit:direction>in</spirit:direction>
          <spirit:vector>
            <spirit:left spirit:format="long">3</spirit:left>
            <spirit:right spirit:format="long">0</spirit:right>
          </spirit:vector>
          <spirit:wireTypeDefs>
            <spirit:wireTypeDef>
              <spirit:typeName>std_logic_vector</spirit:typeName>
              <spirit:viewNameRef>xilinx_verilogsynthesis</spirit:viewNameRef>
              <spirit:viewNameRef>xilinx_verilogbehavioralsimulation</spirit:viewNameRef>
            </spirit:wireTypeDef>
          </spirit:wireTypeDefs>
        </spirit:wire>
      </spirit:port>
      <spirit:port>
        <spirit:name>sampleinput</spirit:name>
        <spirit:wire>
          <spirit:direction>in</spirit:direction>
          <spirit:vector>
            <spirit:left spirit:format="long">23</spirit:left>
            <spirit:right spirit:format="long">0</spirit:right>
          </spirit:vector>
          <spirit:wireTypeDefs>
            <spirit:wireTypeDef>
              <spirit:typeName>std_logic_vector</spirit:typeName>
              <spirit:viewNameRef>xilinx_verilogsynthesis</spirit:viewNameRef>
              <spirit:viewNameRef>xilinx_verilogbehavioralsimulation</spirit:viewNameRef>
            </spirit:wireTypeDef>
          </spirit:wireTypeDefs>
        </spirit:wire>
      </spirit:port>
      <spirit:port>
        <spirit:name>weight_Clk_A</spirit:name>
        <spirit:wire>
          <spirit:direction>out</spirit:direction>
          <spirit:wireTypeDefs>
            <spirit:wireTypeDef>
              <spirit:typeName>std_logic</spirit:typeName>
              <spirit:viewNameRef>xilinx_verilogsynthesis</spirit:viewNameRef>
              <spirit:viewNameRef>xilinx_verilogbehavioralsimulation</spirit:viewNameRef>
            </spirit:wireTypeDef>
          </spirit:wireTypeDefs>
        </spirit:wire>
      </spirit:port>
      <spirit:port>
        <spirit:name>weight_Rst_A</spirit:name>
        <spirit:wire>
          <spirit:direction>out</spirit:direction>
          <spirit:wireTypeDefs>
            <spirit:wireTypeDef>
              <spirit:typeName>std_logic</spirit:typeName>
              <spirit:viewNameRef>xilinx_verilogsynthesis</spirit:viewNameRef>
              <spirit:viewNameRef>xilinx_verilogbehavioralsimulation</spirit:viewNameRef>
            </spirit:wireTypeDef>
          </spirit:wireTypeDefs>
        </spirit:wire>
      </spirit:port>
      <spirit:port>
        <spirit:name>weight_EN_A</spirit:name>
        <spirit:wire>
          <spirit:direction>out</spirit:direction>
          <spirit:wireTypeDefs>
            <spirit:wireTypeDef>
              <spirit:typeName>std_logic</spirit:typeName>
              <spirit:viewNameRef>xilinx_verilogsynthesis</spirit:viewNameRef>
              <spirit:viewNameRef>xilinx_verilogbehavioralsimulation</spirit:viewNameRef>
            </spirit:wireTypeDef>
          </spirit:wireTypeDefs>
        </spirit:wire>
      </spirit:port>
      <spirit:port>
        <spirit:name>weight_WEN_A</spirit:name>
        <spirit:wire>
          <spirit:direction>out</spirit:direction>
          <spirit:vector>
            <spirit:left spirit:format="long">3</spirit:left>
            <spirit:right spirit:format="long">0</spirit:right>
          </spirit:vector>
          <spirit:wireTypeDefs>
            <spirit:wireTypeDef>
              <spirit:typeName>std_logic_vector</spirit:typeName>
              <spirit:viewNameRef>xilinx_verilogsynthesis</spirit:viewNameRef>
              <spirit:viewNameRef>xilinx_verilogbehavioralsimulation</spirit:viewNameRef>
            </spirit:wireTypeDef>
          </spirit:wireTypeDefs>
        </spirit:wire>
      </spirit:port>
      <spirit:port>
        <spirit:name>weight_Addr_A</spirit:name>
        <spirit:wire>
          <spirit:direction>out</spirit:direction>
          <spirit:vector>
            <spirit:left spirit:format="long">31</spirit:left>
            <spirit:right spirit:format="long">0</spirit:right>
          </spirit:vector>
          <spirit:wireTypeDefs>
            <spirit:wireTypeDef>
              <spirit:typeName>std_logic_vector</spirit:typeName>
              <spirit:viewNameRef>xilinx_verilogsynthesis</spirit:viewNameRef>
              <spirit:viewNameRef>xilinx_verilogbehavioralsimulation</spirit:viewNameRef>
            </spirit:wireTypeDef>
          </spirit:wireTypeDefs>
        </spirit:wire>
      </spirit:port>
      <spirit:port>
        <spirit:name>weight_Din_A</spirit:name>
        <spirit:wire>
          <spirit:direction>out</spirit:direction>
          <spirit:vector>
            <spirit:left spirit:format="long">31</spirit:left>
            <spirit:right spirit:format="long">0</spirit:right>
          </spirit:vector>
          <spirit:wireTypeDefs>
            <spirit:wireTypeDef>
              <spirit:typeName>std_logic_vector</spirit:typeName>
              <spirit:viewNameRef>xilinx_verilogsynthesis</spirit:viewNameRef>
              <spirit:viewNameRef>xilinx_verilogbehavioralsimulation</spirit:viewNameRef>
            </spirit:wireTypeDef>
          </spirit:wireTypeDefs>
        </spirit:wire>
      </spirit:port>
      <spirit:port>
        <spirit:name>weight_Dout_A</spirit:name>
        <spirit:wire>
          <spirit:direction>in</spirit:direction>
          <spirit:vector>
            <spirit:left spirit:format="long">31</spirit:left>
            <spirit:right spirit:format="long">0</spirit:right>
          </spirit:vector>
          <spirit:wireTypeDefs>
            <spirit:wireTypeDef>
              <spirit:typeName>std_logic_vector</spirit:typeName>
              <spirit:viewNameRef>xilinx_verilogsynthesis</spirit:viewNameRef>
              <spirit:viewNameRef>xilinx_verilogbehavioralsimulation</spirit:viewNameRef>
            </spirit:wireTypeDef>
          </spirit:wireTypeDefs>
        </spirit:wire>
      </spirit:port>
      <spirit:port>
        <spirit:name>lstm_out</spirit:name>
        <spirit:wire>
          <spirit:direction>out</spirit:direction>
          <spirit:vector>
            <spirit:left spirit:format="long">15</spirit:left>
            <spirit:right spirit:format="long">0</spirit:right>
          </spirit:vector>
          <spirit:wireTypeDefs>
            <spirit:wireTypeDef>
              <spirit:typeName>std_logic_vector</spirit:typeName>
              <spirit:viewNameRef>xilinx_verilogsynthesis</spirit:viewNameRef>
              <spirit:viewNameRef>xilinx_verilogbehavioralsimulation</spirit:viewNameRef>
            </spirit:wireTypeDef>
          </spirit:wireTypeDefs>
        </spirit:wire>
      </spirit:port>
    </spirit:ports>
  </spirit:model>
  <spirit:fileSets>
    <spirit:fileSet>
      <spirit:name>xilinx_verilogsynthesis_view_fileset</spirit:name>
      <spirit:file>
        <spirit:name>constraints/lstm_n5_16s_16b_ooc.xdc</spirit:name>
        <spirit:userFileType>xdc</spirit:userFileType>
        <spirit:userFileType>USED_IN_out_of_context</spirit:userFileType>
      </spirit:file>
      <spirit:file>
        <spirit:name>hdl/verilog/lstm_n5_16s_16b.v</spirit:name>
        <spirit:fileType>verilogSource</spirit:fileType>
      </spirit:file>
      <spirit:file>
        <spirit:name>hdl/verilog/lstm_n5_16s_16b_ceOg.v</spirit:name>
        <spirit:fileType>verilogSource</spirit:fileType>
      </spirit:file>
      <spirit:file>
        <spirit:name>hdl/verilog/lstm_n5_16s_16b_ceOg_ram.v</spirit:name>
        <spirit:fileType>verilogSource</spirit:fileType>
      </spirit:file>
      <spirit:file>
        <spirit:name>hdl/verilog/lstm_n5_16s_16b_hbkb.v</spirit:name>
        <spirit:fileType>verilogSource</spirit:fileType>
      </spirit:file>
      <spirit:file>
        <spirit:name>hdl/verilog/lstm_n5_16s_16b_hbkb_ram.v</spirit:name>
        <spirit:fileType>verilogSource</spirit:fileType>
      </spirit:file>
      <spirit:file>
        <spirit:name>hdl/verilog/lstm_n5_16s_16b_ifYi.v</spirit:name>
        <spirit:fileType>verilogSource</spirit:fileType>
      </spirit:file>
      <spirit:file>
        <spirit:name>hdl/verilog/lstm_n5_16s_16b_lcud.v</spirit:name>
        <spirit:fileType>verilogSource</spirit:fileType>
      </spirit:file>
      <spirit:file>
        <spirit:name>hdl/verilog/lstm_n5_16s_16b_lcud_rom.dat</spirit:name>
        <spirit:userFileType>mif</spirit:userFileType>
      </spirit:file>
      <spirit:file>
        <spirit:name>hdl/verilog/lstm_n5_16s_16b_ldEe.v</spirit:name>
        <spirit:fileType>verilogSource</spirit:fileType>
      </spirit:file>
      <spirit:file>
        <spirit:name>hdl/verilog/lstm_n5_16s_16b_ldEe_rom.dat</spirit:name>
        <spirit:userFileType>mif</spirit:userFileType>
      </spirit:file>
      <spirit:file>
        <spirit:name>hdl/verilog/lstm_n5_16s_16b_mjbC.v</spirit:name>
        <spirit:fileType>verilogSource</spirit:fileType>
      </spirit:file>
      <spirit:file>
        <spirit:name>hdl/verilog/lstm_n5_16s_16b_mkbM.v</spirit:name>
        <spirit:fileType>verilogSource</spirit:fileType>
      </spirit:file>
      <spirit:file>
        <spirit:name>hdl/verilog/lstm_n5_16s_16b_mlbW.v</spirit:name>
        <spirit:fileType>verilogSource</spirit:fileType>
      </spirit:file>
      <spirit:file>
        <spirit:name>hdl/verilog/lstm_n5_16s_16b_mmb6.v</spirit:name>
        <spirit:fileType>verilogSource</spirit:fileType>
      </spirit:file>
    </spirit:fileSet>
    <spirit:fileSet>
      <spirit:name>xilinx_verilogbehavioralsimulation_view_fileset</spirit:name>
      <spirit:file>
        <spirit:name>hdl/verilog/lstm_n5_16s_16b.v</spirit:name>
        <spirit:fileType>verilogSource</spirit:fileType>
        <spirit:userFileType>USED_IN_ipstatic</spirit:userFileType>
      </spirit:file>
      <spirit:file>
        <spirit:name>hdl/verilog/lstm_n5_16s_16b_ceOg.v</spirit:name>
        <spirit:fileType>verilogSource</spirit:fileType>
        <spirit:userFileType>USED_IN_ipstatic</spirit:userFileType>
      </spirit:file>
      <spirit:file>
        <spirit:name>hdl/verilog/lstm_n5_16s_16b_ceOg_ram.v</spirit:name>
        <spirit:fileType>verilogSource</spirit:fileType>
        <spirit:userFileType>USED_IN_ipstatic</spirit:userFileType>
      </spirit:file>
      <spirit:file>
        <spirit:name>hdl/verilog/lstm_n5_16s_16b_hbkb.v</spirit:name>
        <spirit:fileType>verilogSource</spirit:fileType>
        <spirit:userFileType>USED_IN_ipstatic</spirit:userFileType>
      </spirit:file>
      <spirit:file>
        <spirit:name>hdl/verilog/lstm_n5_16s_16b_hbkb_ram.v</spirit:name>
        <spirit:fileType>verilogSource</spirit:fileType>
        <spirit:userFileType>USED_IN_ipstatic</spirit:userFileType>
      </spirit:file>
      <spirit:file>
        <spirit:name>hdl/verilog/lstm_n5_16s_16b_ifYi.v</spirit:name>
        <spirit:fileType>verilogSource</spirit:fileType>
        <spirit:userFileType>USED_IN_ipstatic</spirit:userFileType>
      </spirit:file>
      <spirit:file>
        <spirit:name>hdl/verilog/lstm_n5_16s_16b_lcud.v</spirit:name>
        <spirit:fileType>verilogSource</spirit:fileType>
        <spirit:userFileType>USED_IN_ipstatic</spirit:userFileType>
      </spirit:file>
      <spirit:file>
        <spirit:name>hdl/verilog/lstm_n5_16s_16b_lcud_rom.dat</spirit:name>
        <spirit:userFileType>mif</spirit:userFileType>
      </spirit:file>
      <spirit:file>
        <spirit:name>hdl/verilog/lstm_n5_16s_16b_ldEe.v</spirit:name>
        <spirit:fileType>verilogSource</spirit:fileType>
        <spirit:userFileType>USED_IN_ipstatic</spirit:userFileType>
      </spirit:file>
      <spirit:file>
        <spirit:name>hdl/verilog/lstm_n5_16s_16b_ldEe_rom.dat</spirit:name>
        <spirit:userFileType>mif</spirit:userFileType>
      </spirit:file>
      <spirit:file>
        <spirit:name>hdl/verilog/lstm_n5_16s_16b_mjbC.v</spirit:name>
        <spirit:fileType>verilogSource</spirit:fileType>
        <spirit:userFileType>USED_IN_ipstatic</spirit:userFileType>
      </spirit:file>
      <spirit:file>
        <spirit:name>hdl/verilog/lstm_n5_16s_16b_mkbM.v</spirit:name>
        <spirit:fileType>verilogSource</spirit:fileType>
        <spirit:userFileType>USED_IN_ipstatic</spirit:userFileType>
      </spirit:file>
      <spirit:file>
        <spirit:name>hdl/verilog/lstm_n5_16s_16b_mlbW.v</spirit:name>
        <spirit:fileType>verilogSource</spirit:fileType>
        <spirit:userFileType>USED_IN_ipstatic</spirit:userFileType>
      </spirit:file>
      <spirit:file>
        <spirit:name>hdl/verilog/lstm_n5_16s_16b_mmb6.v</spirit:name>
        <spirit:fileType>verilogSource</spirit:fileType>
        <spirit:userFileType>USED_IN_ipstatic</spirit:userFileType>
      </spirit:file>
    </spirit:fileSet>
    <spirit:fileSet>
      <spirit:name>xilinx_vhdlsynthesis_view_fileset</spirit:name>
      <spirit:file>
        <spirit:name>constraints/lstm_n5_16s_16b_ooc.xdc</spirit:name>
        <spirit:userFileType>xdc</spirit:userFileType>
        <spirit:userFileType>USED_IN_out_of_context</spirit:userFileType>
      </spirit:file>
      <spirit:file>
        <spirit:name>hdl/vhdl/lstm_n5_16s_16b_ceOg.vhd</spirit:name>
        <spirit:fileType>vhdlSource</spirit:fileType>
      </spirit:file>
      <spirit:file>
        <spirit:name>hdl/vhdl/lstm_n5_16s_16b_ceOg_ram.vhd</spirit:name>
        <spirit:fileType>vhdlSource</spirit:fileType>
      </spirit:file>
      <spirit:file>
        <spirit:name>hdl/vhdl/lstm_n5_16s_16b_hbkb.vhd</spirit:name>
        <spirit:fileType>vhdlSource</spirit:fileType>
      </spirit:file>
      <spirit:file>
        <spirit:name>hdl/vhdl/lstm_n5_16s_16b_hbkb_ram.vhd</spirit:name>
        <spirit:fileType>vhdlSource</spirit:fileType>
      </spirit:file>
      <spirit:file>
        <spirit:name>hdl/vhdl/lstm_n5_16s_16b_ifYi.vhd</spirit:name>
        <spirit:fileType>vhdlSource</spirit:fileType>
      </spirit:file>
      <spirit:file>
        <spirit:name>hdl/vhdl/lstm_n5_16s_16b_lcud.vhd</spirit:name>
        <spirit:fileType>vhdlSource</spirit:fileType>
      </spirit:file>
      <spirit:file>
        <spirit:name>hdl/vhdl/lstm_n5_16s_16b_ldEe.vhd</spirit:name>
        <spirit:fileType>vhdlSource</spirit:fileType>
      </spirit:file>
      <spirit:file>
        <spirit:name>hdl/vhdl/lstm_n5_16s_16b_mjbC.vhd</spirit:name>
        <spirit:fileType>vhdlSource</spirit:fileType>
      </spirit:file>
      <spirit:file>
        <spirit:name>hdl/vhdl/lstm_n5_16s_16b_mkbM.vhd</spirit:name>
        <spirit:fileType>vhdlSource</spirit:fileType>
      </spirit:file>
      <spirit:file>
        <spirit:name>hdl/vhdl/lstm_n5_16s_16b_mlbW.vhd</spirit:name>
        <spirit:fileType>vhdlSource</spirit:fileType>
      </spirit:file>
      <spirit:file>
        <spirit:name>hdl/vhdl/lstm_n5_16s_16b_mmb6.vhd</spirit:name>
        <spirit:fileType>vhdlSource</spirit:fileType>
      </spirit:file>
      <spirit:file>
        <spirit:name>hdl/vhdl/lstm_n5_16s_16b.vhd</spirit:name>
        <spirit:fileType>vhdlSource</spirit:fileType>
        <spirit:userFileType>CHECKSUM_ebc24549</spirit:userFileType>
      </spirit:file>
    </spirit:fileSet>
    <spirit:fileSet>
      <spirit:name>xilinx_vhdlbehavioralsimulation_view_fileset</spirit:name>
      <spirit:file>
        <spirit:name>hdl/vhdl/lstm_n5_16s_16b_ceOg.vhd</spirit:name>
        <spirit:fileType>vhdlSource</spirit:fileType>
        <spirit:userFileType>USED_IN_ipstatic</spirit:userFileType>
      </spirit:file>
      <spirit:file>
        <spirit:name>hdl/vhdl/lstm_n5_16s_16b_ceOg_ram.vhd</spirit:name>
        <spirit:fileType>vhdlSource</spirit:fileType>
        <spirit:userFileType>USED_IN_ipstatic</spirit:userFileType>
      </spirit:file>
      <spirit:file>
        <spirit:name>hdl/vhdl/lstm_n5_16s_16b_hbkb.vhd</spirit:name>
        <spirit:fileType>vhdlSource</spirit:fileType>
        <spirit:userFileType>USED_IN_ipstatic</spirit:userFileType>
      </spirit:file>
      <spirit:file>
        <spirit:name>hdl/vhdl/lstm_n5_16s_16b_hbkb_ram.vhd</spirit:name>
        <spirit:fileType>vhdlSource</spirit:fileType>
        <spirit:userFileType>USED_IN_ipstatic</spirit:userFileType>
      </spirit:file>
      <spirit:file>
        <spirit:name>hdl/vhdl/lstm_n5_16s_16b_ifYi.vhd</spirit:name>
        <spirit:fileType>vhdlSource</spirit:fileType>
        <spirit:userFileType>USED_IN_ipstatic</spirit:userFileType>
      </spirit:file>
      <spirit:file>
        <spirit:name>hdl/vhdl/lstm_n5_16s_16b_lcud.vhd</spirit:name>
        <spirit:fileType>vhdlSource</spirit:fileType>
        <spirit:userFileType>USED_IN_ipstatic</spirit:userFileType>
      </spirit:file>
      <spirit:file>
        <spirit:name>hdl/vhdl/lstm_n5_16s_16b_ldEe.vhd</spirit:name>
        <spirit:fileType>vhdlSource</spirit:fileType>
        <spirit:userFileType>USED_IN_ipstatic</spirit:userFileType>
      </spirit:file>
      <spirit:file>
        <spirit:name>hdl/vhdl/lstm_n5_16s_16b_mjbC.vhd</spirit:name>
        <spirit:fileType>vhdlSource</spirit:fileType>
        <spirit:userFileType>USED_IN_ipstatic</spirit:userFileType>
      </spirit:file>
      <spirit:file>
        <spirit:name>hdl/vhdl/lstm_n5_16s_16b_mkbM.vhd</spirit:name>
        <spirit:fileType>vhdlSource</spirit:fileType>
        <spirit:userFileType>USED_IN_ipstatic</spirit:userFileType>
      </spirit:file>
      <spirit:file>
        <spirit:name>hdl/vhdl/lstm_n5_16s_16b_mlbW.vhd</spirit:name>
        <spirit:fileType>vhdlSource</spirit:fileType>
        <spirit:userFileType>USED_IN_ipstatic</spirit:userFileType>
      </spirit:file>
      <spirit:file>
        <spirit:name>hdl/vhdl/lstm_n5_16s_16b_mmb6.vhd</spirit:name>
        <spirit:fileType>vhdlSource</spirit:fileType>
        <spirit:userFileType>USED_IN_ipstatic</spirit:userFileType>
      </spirit:file>
      <spirit:file>
        <spirit:name>hdl/vhdl/lstm_n5_16s_16b.vhd</spirit:name>
        <spirit:fileType>vhdlSource</spirit:fileType>
        <spirit:userFileType>USED_IN_ipstatic</spirit:userFileType>
      </spirit:file>
    </spirit:fileSet>
    <spirit:fileSet>
      <spirit:name>xilinx_documentation_view_fileset</spirit:name>
      <spirit:file>
        <spirit:name>doc/ReleaseNotes.txt</spirit:name>
        <spirit:userFileType>text</spirit:userFileType>
      </spirit:file>
    </spirit:fileSet>
    <spirit:fileSet>
      <spirit:name>xilinx_miscfiles_view_fileset</spirit:name>
      <spirit:file>
        <spirit:name>misc/logo.png</spirit:name>
        <spirit:userFileType>image</spirit:userFileType>
      </spirit:file>
    </spirit:fileSet>
    <spirit:fileSet>
      <spirit:name>xilinx_xpgui_view_fileset</spirit:name>
      <spirit:file>
        <spirit:name>xgui/lstm_n5_16s_16b_v1_0.tcl</spirit:name>
        <spirit:fileType>tclSource</spirit:fileType>
        <spirit:userFileType>CHECKSUM_1b589c1a</spirit:userFileType>
        <spirit:userFileType>XGUI_VERSION_2</spirit:userFileType>
      </spirit:file>
    </spirit:fileSet>
    <spirit:fileSet>
      <spirit:name>xilinx_utilityxitfiles_view_fileset</spirit:name>
      <spirit:file>
        <spirit:name>misc/logo.png</spirit:name>
        <spirit:userFileType>image</spirit:userFileType>
        <spirit:userFileType>LOGO</spirit:userFileType>
      </spirit:file>
    </spirit:fileSet>
  </spirit:fileSets>
  <spirit:description>An IP generated by Vivado HLS</spirit:description>
  <spirit:parameters>
    <spirit:parameter>
      <spirit:name>Component_Name</spirit:name>
      <spirit:value spirit:resolve="user" spirit:id="PARAM_VALUE.Component_Name" spirit:order="1">lstm_n5_16s_16b_v1_0</spirit:value>
    </spirit:parameter>
    <spirit:parameter>
      <spirit:name>clk_period</spirit:name>
      <spirit:value spirit:id="PARAM_VALUE.clk_period" spirit:order="2">10.000000</spirit:value>
    </spirit:parameter>
    <spirit:parameter>
      <spirit:name>machine</spirit:name>
      <spirit:value spirit:id="PARAM_VALUE.machine" spirit:order="3">64</spirit:value>
    </spirit:parameter>
    <spirit:parameter>
      <spirit:name>combinational</spirit:name>
      <spirit:value spirit:id="PARAM_VALUE.combinational" spirit:order="4">0</spirit:value>
    </spirit:parameter>
    <spirit:parameter>
      <spirit:name>latency</spirit:name>
      <spirit:value spirit:id="PARAM_VALUE.latency" spirit:order="5">185</spirit:value>
    </spirit:parameter>
    <spirit:parameter>
      <spirit:name>II</spirit:name>
      <spirit:value spirit:id="PARAM_VALUE.II" spirit:order="6">x</spirit:value>
    </spirit:parameter>
  </spirit:parameters>
  <spirit:vendorExtensions>
    <xilinx:coreExtensions>
      <xilinx:supportedFamilies>
        <xilinx:family xilinx:lifeCycle="Pre-Production">virtexuplus</xilinx:family>
      </xilinx:supportedFamilies>
      <xilinx:taxonomies>
        <xilinx:taxonomy>/VIVADO_HLS_IP</xilinx:taxonomy>
      </xilinx:taxonomies>
      <xilinx:displayName>Lstm_n5_16s_16b</xilinx:displayName>
      <xilinx:definitionSource>HLS</xilinx:definitionSource>
      <xilinx:coreRevision>1712181604</xilinx:coreRevision>
      <xilinx:coreCreationDateTime>2017-12-19T00:05:12Z</xilinx:coreCreationDateTime>
    </xilinx:coreExtensions>
    <xilinx:packagingInfo>
      <xilinx:xilinxVersion>2017.3</xilinx:xilinxVersion>
    </xilinx:packagingInfo>
  </spirit:vendorExtensions>
</spirit:component>
